{"test_ap_acc_10": 0.707317054271698, "test_ap_acc_10_confident": 0.707317054271698, "test_ap_acc_20": 0.9024389982223511, "test_ap_acc_20_confident": 0.9024389982223511, "test_ap_mae": 8.520414352416992, "test_ap_mae_confident": 8.520414352416992, "test_confidence_acc": 0.9024389982223511, "test_confident_percent": 1.0, "test_hem_acc": 1.0, "test_hem_acc_confident": 1.0, "test_rot_frontal_acc": 0.8536585569381714, "test_rot_frontal_acc_confident": 0.8536585569381714, "test_loss": 4.2602105140686035}
