{"test_ap_acc_10/real": 0.46258506178855896, "test_ap_acc_20/real": 0.6980952024459839, "test_ap_mae/real": 13.165987968444824, "test_hem_acc/real": 0.9466666579246521, "test_confidence_acc/real": 0.6224489808082581, "test_loss/real": 2.6167426109313965, "test_ap_acc_10/synth": 0.3792581260204315, "test_ap_acc_20/synth": 0.6154428720474243, "test_ap_mae/synth": 59.21967697143555, "test_hem_acc/synth": 0.95533686876297, "test_confidence_acc/synth": 0.5480696558952332, "test_loss/synth": 2.505643606185913}
