{"test_ap_acc_10": 0.6099836826324463, "test_ap_acc_20": 0.8599855303764343, "test_ap_mae": 10.115554809570312, "test_hem_acc": 0.9899984002113342, "test_valid_acc": 0.4506172835826874, "test_confidence_acc": 0.8499839901924133, "test_loss": 1.8942164182662964}
