{"test_ap_acc_10": 0.6399660706520081, "test_ap_acc_20": 0.8599780797958374, "test_ap_mae": 16.4506893157959, "test_hem_acc": 0.9200098514556885, "test_valid_acc": 0.48765432834625244, "test_confidence_acc": 0.8399823904037476, "test_loss": 1.690269947052002}
