{"test_ap_acc_10": 0.6700000166893005, "test_ap_acc_20": 0.8799999952316284, "test_ap_mae": 8.819511413574219, "test_hem_acc": 0.9800000190734863, "test_confidence_acc": 0.8600000143051147, "test_loss": 1.6286908388137817}
