{"test_ap_acc_10": 0.5812520980834961, "test_ap_acc_20": 0.8784843683242798, "test_ap_mae": 13.98697280883789, "test_hem_acc": 0.9586517810821533, "test_valid_acc": 0.4444444477558136, "test_confidence_acc": 0.8024691343307495, "test_loss": 1.7826746702194214}
