{"test_ap_acc_10": 0.49840444326400757, "test_ap_acc_10_confident": 0.49840444326400757, "test_ap_acc_20": 0.7476626038551331, "test_ap_acc_20_confident": 0.7476626038551331, "test_ap_mae": 16.16916847229004, "test_ap_mae_confident": 16.16916847229004, "test_confidence_acc": 0.7297285199165344, "test_confident_percent": 1.0, "test_hem_acc": 0.9527831077575684, "test_hem_acc_confident": 0.9527831077575684, "test_rot_frontal_acc": 0.7194300889968872, "test_rot_frontal_acc_confident": 0.7194300889968872, "test_loss": 2.7592246532440186}
