{"test_ap_acc_10": 0.6099836826324463, "test_ap_acc_10_confident": 0.6261506080627441, "test_ap_acc_20": 0.8599855303764343, "test_ap_acc_20_confident": 0.8817698359489441, "test_ap_mae": 10.115554809570312, "test_ap_mae_confident": 9.666458129882812, "test_confidence_acc": 0.8499839901924133, "test_confident_percent": 0.9399905800819397, "test_hem_acc": 0.9899984002113342, "test_hem_acc_confident": 0.9891764521598816, "test_valid_acc": 0.4506172835826874, "test_loss": 1.8942164182662964}
