{"test_ap_acc_10": 0.5244553089141846, "test_ap_acc_10_confident": 0.5317723155021667, "test_ap_acc_20": 0.8004274368286133, "test_ap_acc_20_confident": 0.8156081438064575, "test_ap_mae": 19.15639305114746, "test_ap_mae_confident": 18.617109298706055, "test_confidence_acc": 0.7721181511878967, "test_confident_percent": 0.8870840668678284, "test_hem_acc": 0.9536939859390259, "test_hem_acc_confident": 0.9594020247459412, "test_rot_frontal_acc": 0.7733744382858276, "test_rot_frontal_acc_confident": 0.7724675536155701, "test_loss": 2.3208260536193848}
