{"test_ap_acc_10": 0.5899999737739563, "test_ap_acc_20": 0.8199999928474426, "test_ap_mae": 10.789687156677246, "test_hem_acc": 0.9800000190734863, "test_confidence_acc": 0.8199999928474426, "test_loss": 1.902235984802246}
