{"test_ap_acc_10": 0.10999999940395355, "test_ap_acc_20": 0.17000000178813934, "test_ap_mae": 133.03314208984375, "test_hem_acc": 0.9200000166893005, "test_loss": 5.772542953491211}
