{"test_ap_acc_10": 0.27001985907554626, "test_ap_acc_20": 0.3700280487537384, "test_ap_mae": 141.2718048095703, "test_hem_acc": 0.7199785113334656, "test_loss": 3.4969587326049805}
