{"test_ap_acc_10/real": 0.3711564540863037, "test_ap_acc_20/real": 0.5272108316421509, "test_ap_mae/real": 58.535709381103516, "test_hem_acc/real": 0.8944218158721924, "test_loss/real": 2.8817975521087646, "test_ap_acc_10/synth": 0.7630583047866821, "test_ap_acc_20/synth": 0.9644209146499634, "test_ap_mae/synth": 7.404087066650391, "test_hem_acc/synth": 0.9969719648361206, "test_loss/synth": 1.6989742517471313}
