{"test_ap_acc_10": 0.19998660683631897, "test_ap_acc_20": 0.2699826657772064, "test_ap_mae": 158.2597198486328, "test_hem_acc": 0.8399898409843445, "test_loss": 3.7014243602752686}
