{
    "test_ap_acc_10": 0.04923189803957939,
    "test_ap_acc_20": 0.11043308675289154,
    "test_ap_mae": 128.41436767578125,
    "test_hem_acc": 0.836492657661438,
    "test_rot_frontal_acc": 0.3411426246166229,
    "test_loss": 3.608851909637451
}
