{"test_ap_acc_10": 0.19422128796577454, "test_ap_acc_20": 0.2884752154350281, "test_ap_mae": 122.25668334960938, "test_hem_acc": 0.938050389289856, "test_rot_frontal_acc": 0.7541792392730713, "test_loss": 3.1772043704986572}
